{
	"format_version": "1.8.0",
	"animations": {
		"idle": {
			"loop": true,
			"animation_length": 3,
			"bones": {
				"finger4": {
					"rotation": {
						"0.0": [0, 0, 0],
						"1.4583": [0, 0, 5],
						"3.0": [0, 0, 0]
					}
				},
				"finger3": {
					"rotation": {
						"0.0": [0, 0, 0],
						"1.4583": [0, 0, 5],
						"3.0": [0, 0, 0]
					}
				},
				"thumb": {
					"rotation": {
						"0.0": [0, 0, 0],
						"1.4583": [0, 0, -5],
						"3.0": [0, 0, 0]
					}
				},
				"finger2": {
					"rotation": {
						"0.0": [0, 0, 0],
						"1.4583": [0, 0, 5],
						"3.0": [0, 0, 0]
					}
				},
				"finger1": {
					"rotation": {
						"0.0": [0, 0, 0],
						"1.4583": [0, 0, 5],
						"3.0": [0, 0, 0]
					}
				},
				"finger5": {
					"rotation": {
						"0.0": [0, 0, 0],
						"1.4583": [0, 0, 5],
						"3.0": [0, 0, 0]
					}
				},
				"finger6": {
					"rotation": {
						"0.0": [0, 0, 0],
						"1.4583": [0, 0, 5],
						"3.0": [0, 0, 0]
					}
				},
				"finger7": {
					"rotation": {
						"0.0": [0, 0, 0],
						"1.4583": [0, 0, 5],
						"3.0": [0, 0, 0]
					}
				},
				"finger8": {
					"rotation": {
						"0.0": [0, 0, 0],
						"1.4583": [0, 0, 5],
						"3.0": [0, 0, 0]
					}
				},
				"thumb2": {
					"rotation": {
						"0.0": [0, 0, 0],
						"1.4583": [0, 0, -5],
						"3.0": [0, 0, 0]
					}
				}
			}
		},
		"claw": {
			"loop": "hold_on_last_frame",
			"bones": {
				"finger4": {
					"rotation": [-34.88693, 7.84232, 69.0459],
					"position": [-0.55, -0.75, -0.1]
				},
				"finger3": {
					"rotation": [-12.35712, 5.11703, 71.08521],
					"position": [0.05, -0.75, 0.2]
				},
				"finger1": {
					"rotation": [32.5, 0, 70],
					"position": [-0.6, -0.75, -0.1]
				},
				"finger2": {
					"rotation": [7.66053, 1.77716, 75.93684],
					"position": [-0.05, -0.75, -0.1]
				},
				"thumb": {
					"rotation": [0, 0, -35],
					"position": [0, 0.5, 0]
				},
				"finger5": {
					"rotation": [32.5, 0, 70],
					"position": [-0.6, -0.75, -0.1]
				},
				"finger6": {
					"rotation": [7.66053, 1.77716, 75.93684],
					"position": [-0.05, -0.75, -0.1]
				},
				"finger7": {
					"rotation": [-12.35712, 5.11703, 71.08521],
					"position": [0.05, -0.75, 0.2]
				},
				"finger8": {
					"rotation": [-34.88693, 7.84232, 69.0459],
					"position": [-0.55, -0.75, -0.1]
				},
				"thumb2": {
					"rotation": [0, 0, -35],
					"position": [0, 0.5, 0]
				}
			}
		}
	}
}