{
	"format_version": "1.8.0",
	"animations": {
		"animation.hell_caterpillar.pose": {
			"loop": true,
			"bones": {
				"web": {
					"scale": 0
				},
				"cocoon": {
					"scale": 0
				}
			}
		},
		"animation.hell_caterpillar.cocooning": {
			"animation_length": 1.75,
			"bones": {
				"All": {
					"rotation": {
						"0.0": [0, 0, 0],
						"0.4167": [0, 0, 0],
						"0.625": [-77.5, 0, 0],
						"0.75": [-82.5, 0, 0],
						"0.875": [-90, 0, 0],
						"0.9583": [-87.5, 0, 0]
					},
					"position": {
						"0.0": [0, 0, 0],
						"0.4167": [0, 0, -16],
						"0.625": [0, 24, -2]
					}
				},
				"Body": {
					"rotation": {
						"0.2917": [0, 0, 0],
						"0.5": [-2.5, 0, 0],
						"0.7917": [12.5839, 0.52264, -0.38448]
					},
					"scale": {
						"1.0": [1, 1, 1],
						"1.5417": [0, 0, 0]
					}
				},
				"Righthandthing2": {
					"rotation": {
						"0.4583": [0, 0, 0],
						"0.5833": [112.5, 0, 0]
					}
				},
				"bone4": {
					"rotation": {
						"0.4167": [0, 0, 0],
						"0.5417": [197.5, 0, 0]
					},
					"position": [0, 0, 0]
				},
				"Lefthandthing2": {
					"rotation": {
						"0.4167": [0, 0, 0],
						"0.5417": [112.5, 0, 0]
					}
				},
				"Behind": {
					"rotation": {
						"0.2917": [0, 0, 0],
						"0.5": [-20, 0, 0]
					},
					"position": {
						"0.4167": [0, 0, 0],
						"0.5": [0, 0, -2]
					}
				},
				"MoreBehind": {
					"rotation": {
						"0.625": [0, 0, 0],
						"0.8333": [27.5, 0, 0]
					}
				},
				"Tail": {
					"rotation": {
						"0.5": [12.5, 0, 0],
						"0.7917": [-32.5, 0, 0],
						"1.0417": [-52.14, 0, 0]
					}
				},
				"cocoon": {
					"position": {
						"0.8333": [0, -1.5, 0],
						"1.0833": [0, -2, 0],
						"1.1667": [0, -1, -1]
					},
					"scale": {
						"0.0": [0, 0, 0],
						"0.4167": [0.7692, 0.7692, 0.2692],
						"1.1667": [1.3, 1.3, 1.3]
					}
				},
				"mouth": {
					"position": {
						"0.4167": [0, 0, 0],
						"0.5417": [0, 2, 1]
					}
				},
				"Righthandthing": {
					"rotation": {
						"0.375": [0, 0, 0],
						"0.5": [112.5, 0, 0]
					}
				},
				"Lefthandthing": {
					"rotation": {
						"0.375": [0, 0, 0],
						"0.5": [112.5, 0, 0]
					}
				},
				"web": {
					"scale": {
						"0.375": [0, 0, 0],
						"0.8333": [1, 1, 1]
					}
				}
			}
		},
		"animation.hell_caterpillar.cocooned": {
			"loop": true,
			"bones": {
				"All": {
					"rotation": [-87.5, 0, 0],
					"position": [0, 28, -2]
				},
				"Body": {
					"scale": 0
				},
				"cocoon": {
					"position": [0, -1, -1],
					"scale": 1.3
				}
			}
		},
		"animation.hell_caterpillar.cocoon_pose": {
			"loop": true
		},
		"animation.hell_caterpillar.idle": {
			"loop": true,
			"animation_length": 1,
			"bones": {
				"Horn": {
					"rotation": {
						"0.0": [-7.5, 0, 0],
						"0.25": [-11.26044, 2.45193, -0.48802],
						"0.5": [-15, 0, 0],
						"0.7083": [-11.60165, -2.44899, 0.50261],
						"0.9583": [-7.5, 0, 0]
					}
				},
				"All": {
					"rotation": {
						"0.0": [7.5, 0, 0],
						"0.4583": [5, 0, 0],
						"0.9583": [7.5, 0, 0]
					},
					"position": [0, 0, 0]
				},
				"Body": {
					"rotation": {
						"0.0": [0, 0, 0],
						"0.4583": [2.5, 0, 0],
						"0.9583": [0, 0, 0]
					},
					"position": [0, -0.3, 0]
				},
				"Behind": {
					"rotation": {
						"0.0": [-5, 0, 0],
						"0.4583": [-7.5, 0, 0],
						"0.9583": [-5, 0, 0]
					}
				},
				"Righthandthing4": {
					"position": [0, -0.2, 0]
				},
				"bone15": {
					"rotation": {
						"0.0": [30, 0, 0],
						"0.5": [22.5, 0, 0],
						"1.0": [25, 0, 0]
					},
					"position": [0, 3, 1]
				},
				"bone16": {
					"rotation": {
						"0.0": [30, 0, 0],
						"0.5": [22.5, 0, 0],
						"1.0": [25, 0, 0]
					},
					"position": [0, 3, 1]
				},
				"Righthandthing6": {
					"position": [0, -0.2, 0]
				},
				"MoreBehind": {
					"rotation": {
						"0.0": [0, 0, 0],
						"0.25": [1.25119, -2.4994, -0.05457],
						"0.4583": [2.5, 0, 0],
						"0.7083": [1.36493, 2.49929, 0.05953],
						"0.9583": [0, 0, 0]
					},
					"position": {
						"0.0": [0, -1.2, 0.9],
						"0.9583": [0, -1.2, 0.9]
					}
				},
				"bone9": {
					"rotation": {
						"0.0": [30, 0, 0],
						"0.2917": [22.5, 0, 0],
						"0.5417": [20, 0, 0],
						"0.75": [22.5, 0, 0],
						"1.0": [30, 0, 0]
					}
				},
				"bone10": {
					"rotation": {
						"0.0": [30, 0, 0],
						"0.2917": [22.5, 0, 0],
						"0.5417": [20, 0, 0],
						"1.0": [30, 0, 0]
					}
				},
				"bone12": {
					"rotation": {
						"0.2917": [22.5, 0, 0],
						"0.75": [25, 0, 0]
					}
				},
				"bone11": {
					"rotation": {
						"0.0": [30, 0, 0],
						"0.2917": [20, 0, 0],
						"0.75": [25, 0, 0],
						"1.0": [27.5, 0, 0]
					},
					"position": [0, -2, 0]
				},
				"Tail": {
					"rotation": {
						"0.0": [-22.5, 0, 0],
						"0.25": [-21.76707, 2.4998, 0.03197],
						"0.5": [-20, 0, 0],
						"0.7083": [-20.27107, -2.49811, -0.0972],
						"0.9583": [-22.5, 0, 0]
					}
				},
				"web": {
					"scale": 0
				},
				"Head": {
					"rotation": {
						"0.0": [0, 0, 0],
						"0.5": [5, 0, 0],
						"0.9583": [0, 0, 0]
					},
					"position": [0, 0, 0]
				},
				"mouth": {
					"rotation": {
						"0.0": [0, 0, 0],
						"0.5": [4, 0, 0],
						"1.0": [0, 0, 0]
					}
				},
				"Righthandthing": {
					"position": {
						"0.0": [0, -1, 0],
						"0.5": [0, -1.3, 0],
						"1.0": [0, -1.2, 0]
					}
				},
				"bone2": {
					"rotation": [10, 0, 0]
				},
				"Lefthandthing": {
					"position": {
						"0.0": [0, -0.9, 0],
						"0.5": [0, -1.2, 0],
						"1.0": [0, -1.1, 0]
					}
				},
				"bone3": {
					"rotation": [12.5, 0, 0]
				},
				"cocoon": {
					"position": [0, 0, 10],
					"scale": 0
				}
			}
		},
		"animation.hell_caterpillar.walking": {
			"loop": true,
			"animation_length": 1.25,
			"bones": {
				"Horn": {
					"rotation": {
						"0.0417": [-15, 0, 0],
						"0.5833": [-27.5, 0, 0],
						"1.125": [-20, 0, 0]
					},
					"position": [0, -1.25, 0]
				},
				"All": {
					"rotation": [7.5, 0, 0],
					"position": {
						"0.75": [0, 0, 0],
						"0.8333": [0, 0.5, 0],
						"1.0417": [0, 0, 0]
					},
					"scale": 1
				},
				"Body": {
					"rotation": [0, 0, 0],
					"position": {
						"0.5833": [0, -0.3, 0],
						"0.6667": [0, 0.7, 0],
						"0.8333": [0, -0.3, 0]
					},
					"scale": {
						"0.0417": [1, 1, 1],
						"0.5833": [1, 1, 0.9],
						"1.25": [1, 1, 1]
					}
				},
				"Righthandthing2": {
					"position": {
						"0.7083": [0, 0, 0],
						"0.7917": [0, 1, 0],
						"0.9167": [0, 0, 0]
					}
				},
				"Righthandthing3": {
					"position": {
						"0.5833": [0, 0, 0],
						"0.6667": [0, 1, 0],
						"0.7917": [0, 0, 0]
					}
				},
				"Lefthandthing3": {
					"position": {
						"0.5833": [0, 0, 0],
						"0.6667": [0, 1, 0],
						"0.7917": [0, 0, 0]
					}
				},
				"Lefthandthing2": {
					"position": {
						"0.7083": [0, 0, 0],
						"0.7917": [0, 1, 0],
						"0.9167": [0, 0, 0]
					}
				},
				"Behind": {
					"rotation": [-5, 0, 0],
					"position": {
						"0.2917": [0, -0.25, 0],
						"0.4167": [0, 1, 0],
						"0.625": [0, -0.75, 0],
						"0.6667": [0, -1.25, 0],
						"0.7083": [0, -0.975, 0],
						"0.75": [0, -0.75, 0],
						"0.7917": [0, -0.525, 0],
						"0.8333": [0, -0.22, 0]
					},
					"scale": 1
				},
				"Righthandthing4": {
					"position": {
						"0.4583": [0, 0, 0],
						"0.5417": [0, 1, 0],
						"0.6667": [0, 0, 0]
					}
				},
				"Righthandthing7": {
					"position": {
						"0.3333": [0, 0, 0],
						"0.4167": [0, 1, 0],
						"0.5417": [0, 0, 0]
					}
				},
				"Righthandthing8": {
					"position": {
						"0.3333": [0, 0, 0],
						"0.4167": [0, 1, 0],
						"0.5417": [0, 0, 0]
					}
				},
				"Righthandthing6": {
					"position": {
						"0.4583": [0, 0, 0],
						"0.5417": [0, 1, 0],
						"0.6667": [0, 0, 0]
					}
				},
				"MoreBehind": {
					"rotation": [0, 0, 0],
					"position": {
						"0.0833": [0, -1.2, 0.9],